{"cameraMode":{"drawMode":0,"name":"Shaded","section":"Shading Mode"},"sceneLighting":false,"audioPlay":false,"sceneViewState":{"showFog":true,"showMaterialUpdate":true,"showSkybox":false,"showFlares":true,"showImageEffects":true,"showParticleSystems":true},"in2DMode":false,"pivot":{"x":0.5964658260345459,"y":0.30682313442230227,"z":-3.0277297496795656},"rotation":{"x":-0.03477874770760536,"y":-0.7130060195922852,"z":-0.03477611392736435,"w":0.6996287107467651},"size":0.22627422213554383,"orthographic":false}