{"cameraMode":{"drawMode":0,"name":"Shaded","section":"Shading Mode"},"sceneLighting":true,"audioPlay":false,"sceneViewState":{"showFog":false,"showMaterialUpdate":false,"showSkybox":false,"showFlares":false,"showImageEffects":false,"showParticleSystems":false},"in2DMode":false,"pivot":{"x":-0.4333367347717285,"y":0.28666427731513979,"z":5.151479244232178},"rotation":{"x":0.11074681580066681,"y":-0.17820656299591065,"z":0.020189160481095315,"w":0.9775437712669373},"size":4.366250991821289,"orthographic":false}